"time","zonal_name","load"
"2024-10-01 05:00:00",".Z.RHODEISLAND",609.207
"2024-10-01 06:00:00",".Z.RHODEISLAND",598.181
"2024-10-01 07:00:00",".Z.RHODEISLAND",578.324
"2024-10-01 08:00:00",".Z.RHODEISLAND",646.755
"2024-10-01 09:00:00",".Z.RHODEISLAND",768.01
"2024-10-01 10:00:00",".Z.RHODEISLAND",792.199
"2024-10-01 11:00:00",".Z.RHODEISLAND",819.938
"2024-10-01 12:00:00",".Z.RHODEISLAND",809.977
"2024-10-01 13:00:00",".Z.RHODEISLAND",856.629
"2024-10-01 14:00:00",".Z.RHODEISLAND",832.112
"2024-10-01 15:00:00",".Z.RHODEISLAND",860.847
"2024-10-01 16:00:00",".Z.RHODEISLAND",879.653
"2024-10-01 17:00:00",".Z.RHODEISLAND",882.197
"2024-10-01 18:00:00",".Z.RHODEISLAND",896.499
"2024-10-01 19:00:00",".Z.RHODEISLAND",917.619
"2024-10-01 20:00:00",".Z.RHODEISLAND",912.568
"2024-10-01 21:00:00",".Z.RHODEISLAND",915.436
"2024-10-01 22:00:00",".Z.RHODEISLAND",928.682
"2024-10-01 23:00:00",".Z.RHODEISLAND",915.759
"2024-10-02 00:00:00",".Z.RHODEISLAND",882.337
"2024-10-02 01:00:00",".Z.RHODEISLAND",826.649
"2024-10-02 02:00:00",".Z.RHODEISLAND",730.019
"2024-10-02 03:00:00",".Z.RHODEISLAND",607.917
"2024-10-02 04:00:00",".Z.RHODEISLAND",626.429
"2024-10-02 05:00:00",".Z.RHODEISLAND",604.829
"2024-10-02 06:00:00",".Z.RHODEISLAND",594.162
"2024-10-02 07:00:00",".Z.RHODEISLAND",598.421
"2024-10-02 08:00:00",".Z.RHODEISLAND",617.956
"2024-10-02 09:00:00",".Z.RHODEISLAND",682.965
"2024-10-02 10:00:00",".Z.RHODEISLAND",759.513
"2024-10-02 11:00:00",".Z.RHODEISLAND",776.283
"2024-10-02 12:00:00",".Z.RHODEISLAND",735.209
"2024-10-02 13:00:00",".Z.RHODEISLAND",762.57
"2024-10-02 14:00:00",".Z.RHODEISLAND",785.958
"2024-10-02 15:00:00",".Z.RHODEISLAND",756.987
"2024-10-02 16:00:00",".Z.RHODEISLAND",746.593
"2024-10-02 17:00:00",".Z.RHODEISLAND",772.551
"2024-10-02 18:00:00",".Z.RHODEISLAND",821.03
"2024-10-02 19:00:00",".Z.RHODEISLAND",849.807
"2024-10-02 20:00:00",".Z.RHODEISLAND",901.366
"2024-10-02 21:00:00",".Z.RHODEISLAND",926.61
"2024-10-02 22:00:00",".Z.RHODEISLAND",914.663
"2024-10-02 23:00:00",".Z.RHODEISLAND",895.376
"2024-10-03 00:00:00",".Z.RHODEISLAND",847.922
"2024-10-03 01:00:00",".Z.RHODEISLAND",791.052
"2024-10-03 02:00:00",".Z.RHODEISLAND",692.586
"2024-10-03 03:00:00",".Z.RHODEISLAND",667.157
"2024-10-03 04:00:00",".Z.RHODEISLAND",623.79
"2024-10-03 05:00:00",".Z.RHODEISLAND",603.149
"2024-10-03 06:00:00",".Z.RHODEISLAND",594.684
"2024-10-03 07:00:00",".Z.RHODEISLAND",594.567
"2024-10-03 08:00:00",".Z.RHODEISLAND",617.765
"2024-10-03 09:00:00",".Z.RHODEISLAND",700.094
"2024-10-03 10:00:00",".Z.RHODEISLAND",745.268
"2024-10-03 11:00:00",".Z.RHODEISLAND",729.559
"2024-10-03 12:00:00",".Z.RHODEISLAND",707.677
"2024-10-03 13:00:00",".Z.RHODEISLAND",721.964
"2024-10-03 14:00:00",".Z.RHODEISLAND",794.964
"2024-10-03 15:00:00",".Z.RHODEISLAND",848.863
"2024-10-03 16:00:00",".Z.RHODEISLAND",828.568
"2024-10-03 17:00:00",".Z.RHODEISLAND",795.177
"2024-10-03 18:00:00",".Z.RHODEISLAND",836.092
"2024-10-03 19:00:00",".Z.RHODEISLAND",882.126
"2024-10-03 20:00:00",".Z.RHODEISLAND",909.875
"2024-10-03 21:00:00",".Z.RHODEISLAND",903.332
"2024-10-03 22:00:00",".Z.RHODEISLAND",932.176
"2024-10-03 23:00:00",".Z.RHODEISLAND",927.658
"2024-10-04 00:00:00",".Z.RHODEISLAND",979.924
"2024-10-04 01:00:00",".Z.RHODEISLAND",922.128
"2024-10-04 02:00:00",".Z.RHODEISLAND",747.071
"2024-10-04 03:00:00",".Z.RHODEISLAND",677.552
"2024-10-04 04:00:00",".Z.RHODEISLAND",862.608
"2024-10-04 05:00:00",".Z.RHODEISLAND",844.378
"2024-10-04 06:00:00",".Z.RHODEISLAND",830.531
"2024-10-04 07:00:00",".Z.RHODEISLAND",832.552
"2024-10-04 08:00:00",".Z.RHODEISLAND",857.38
"2024-10-04 09:00:00",".Z.RHODEISLAND",933.17
"2024-10-04 10:00:00",".Z.RHODEISLAND",993.826
"2024-10-04 11:00:00",".Z.RHODEISLAND",954.043
"2024-10-04 12:00:00",".Z.RHODEISLAND",958.39
"2024-10-04 13:00:00",".Z.RHODEISLAND",989.639
"2024-10-04 14:00:00",".Z.RHODEISLAND",995.482
"2024-10-04 15:00:00",".Z.RHODEISLAND",1052.756
"2024-10-04 16:00:00",".Z.RHODEISLAND",1079.585
"2024-10-04 17:00:00",".Z.RHODEISLAND",1080.537
"2024-10-04 18:00:00",".Z.RHODEISLAND",1155.522
"2024-10-04 19:00:00",".Z.RHODEISLAND",1178.767
"2024-10-04 20:00:00",".Z.RHODEISLAND",1128.509
"2024-10-04 21:00:00",".Z.RHODEISLAND",1165.455
"2024-10-04 22:00:00",".Z.RHODEISLAND",1169.335
"2024-10-04 23:00:00",".Z.RHODEISLAND",1135.486
"2024-10-05 00:00:00",".Z.RHODEISLAND",1087.568
"2024-10-05 01:00:00",".Z.RHODEISLAND",1039.599
"2024-10-05 02:00:00",".Z.RHODEISLAND",984.429
"2024-10-05 03:00:00",".Z.RHODEISLAND",911.893
"2024-10-05 04:00:00",".Z.RHODEISLAND",605.352
"2024-10-05 05:00:00",".Z.RHODEISLAND",599.545
"2024-10-05 06:00:00",".Z.RHODEISLAND",602.244
"2024-10-05 07:00:00",".Z.RHODEISLAND",599.247
"2024-10-05 08:00:00",".Z.RHODEISLAND",630.02
"2024-10-05 09:00:00",".Z.RHODEISLAND",630.488
"2024-10-05 10:00:00",".Z.RHODEISLAND",651.673
"2024-10-05 11:00:00",".Z.RHODEISLAND",678.909
"2024-10-05 12:00:00",".Z.RHODEISLAND",712.351
"2024-10-05 13:00:00",".Z.RHODEISLAND",702.657
"2024-10-05 14:00:00",".Z.RHODEISLAND",704.749
"2024-10-05 15:00:00",".Z.RHODEISLAND",705.959
"2024-10-05 16:00:00",".Z.RHODEISLAND",720.692
"2024-10-05 17:00:00",".Z.RHODEISLAND",749.463
"2024-10-05 18:00:00",".Z.RHODEISLAND",763.802
"2024-10-05 19:00:00",".Z.RHODEISLAND",781.692
"2024-10-05 20:00:00",".Z.RHODEISLAND",813.318
"2024-10-05 21:00:00",".Z.RHODEISLAND",812.841
"2024-10-05 22:00:00",".Z.RHODEISLAND",814.046
"2024-10-05 23:00:00",".Z.RHODEISLAND",805.485
"2024-10-06 00:00:00",".Z.RHODEISLAND",763.815
"2024-10-06 01:00:00",".Z.RHODEISLAND",714.621
"2024-10-06 02:00:00",".Z.RHODEISLAND",673.901
"2024-10-06 03:00:00",".Z.RHODEISLAND",619.838
"2024-10-06 04:00:00",".Z.RHODEISLAND",432.029
"2024-10-06 05:00:00",".Z.RHODEISLAND",441.365
"2024-10-06 06:00:00",".Z.RHODEISLAND",444.054
"2024-10-06 07:00:00",".Z.RHODEISLAND",434.827
"2024-10-06 08:00:00",".Z.RHODEISLAND",431.949
"2024-10-06 09:00:00",".Z.RHODEISLAND",426.923
"2024-10-06 10:00:00",".Z.RHODEISLAND",434.862
"2024-10-06 11:00:00",".Z.RHODEISLAND",454.398
"2024-10-06 12:00:00",".Z.RHODEISLAND",513.058
"2024-10-06 13:00:00",".Z.RHODEISLAND",572.873
"2024-10-06 14:00:00",".Z.RHODEISLAND",615.713
"2024-10-06 15:00:00",".Z.RHODEISLAND",615.057
"2024-10-06 16:00:00",".Z.RHODEISLAND",645.602
"2024-10-06 17:00:00",".Z.RHODEISLAND",716.772
"2024-10-06 18:00:00",".Z.RHODEISLAND",707.137
"2024-10-06 19:00:00",".Z.RHODEISLAND",723.229
"2024-10-06 20:00:00",".Z.RHODEISLAND",713.293
"2024-10-06 21:00:00",".Z.RHODEISLAND",693.757
"2024-10-06 22:00:00",".Z.RHODEISLAND",685.152
"2024-10-06 23:00:00",".Z.RHODEISLAND",692.297
"2024-10-07 00:00:00",".Z.RHODEISLAND",666.848
"2024-10-07 01:00:00",".Z.RHODEISLAND",629.626
"2024-10-07 02:00:00",".Z.RHODEISLAND",594.278
"2024-10-07 03:00:00",".Z.RHODEISLAND",491.699
"2024-10-07 04:00:00",".Z.RHODEISLAND",448.06
"2024-10-07 05:00:00",".Z.RHODEISLAND",492.414
"2024-10-07 06:00:00",".Z.RHODEISLAND",471.641
"2024-10-07 07:00:00",".Z.RHODEISLAND",468.601
"2024-10-07 08:00:00",".Z.RHODEISLAND",495.831
"2024-10-07 09:00:00",".Z.RHODEISLAND",598.823
"2024-10-07 10:00:00",".Z.RHODEISLAND",640.99
"2024-10-07 11:00:00",".Z.RHODEISLAND",652.841
"2024-10-07 12:00:00",".Z.RHODEISLAND",701.313
"2024-10-07 13:00:00",".Z.RHODEISLAND",714.707
"2024-10-07 14:00:00",".Z.RHODEISLAND",728.6
"2024-10-07 15:00:00",".Z.RHODEISLAND",741.682
"2024-10-07 16:00:00",".Z.RHODEISLAND",747.129
"2024-10-07 17:00:00",".Z.RHODEISLAND",776.618
"2024-10-07 18:00:00",".Z.RHODEISLAND",781.863
"2024-10-07 19:00:00",".Z.RHODEISLAND",776.906
"2024-10-07 20:00:00",".Z.RHODEISLAND",737.501
"2024-10-07 21:00:00",".Z.RHODEISLAND",727.431
"2024-10-07 22:00:00",".Z.RHODEISLAND",743.032
"2024-10-07 23:00:00",".Z.RHODEISLAND",738.026
"2024-10-08 00:00:00",".Z.RHODEISLAND",715.427
"2024-10-08 01:00:00",".Z.RHODEISLAND",676.834
"2024-10-08 02:00:00",".Z.RHODEISLAND",642.537
"2024-10-08 03:00:00",".Z.RHODEISLAND",608.61
"2024-10-08 04:00:00",".Z.RHODEISLAND",807.933
"2024-10-08 05:00:00",".Z.RHODEISLAND",780.295
"2024-10-08 06:00:00",".Z.RHODEISLAND",775.64
"2024-10-08 07:00:00",".Z.RHODEISLAND",770.403
"2024-10-08 08:00:00",".Z.RHODEISLAND",779.982
"2024-10-08 09:00:00",".Z.RHODEISLAND",806.131
"2024-10-08 10:00:00",".Z.RHODEISLAND",860.386
"2024-10-08 11:00:00",".Z.RHODEISLAND",883.75
"2024-10-08 12:00:00",".Z.RHODEISLAND",904.876
"2024-10-08 13:00:00",".Z.RHODEISLAND",950.533
"2024-10-08 14:00:00",".Z.RHODEISLAND",944.982
"2024-10-08 15:00:00",".Z.RHODEISLAND",922.666
"2024-10-08 16:00:00",".Z.RHODEISLAND",967.041
"2024-10-08 17:00:00",".Z.RHODEISLAND",995.164
"2024-10-08 18:00:00",".Z.RHODEISLAND",981.086
"2024-10-08 19:00:00",".Z.RHODEISLAND",983.024
"2024-10-08 20:00:00",".Z.RHODEISLAND",966.282
"2024-10-08 21:00:00",".Z.RHODEISLAND",922.174
"2024-10-08 22:00:00",".Z.RHODEISLAND",919.917
"2024-10-08 23:00:00",".Z.RHODEISLAND",889.623
"2024-10-09 00:00:00",".Z.RHODEISLAND",860.647
"2024-10-09 01:00:00",".Z.RHODEISLAND",821.313
"2024-10-09 02:00:00",".Z.RHODEISLAND",785.475
"2024-10-09 03:00:00",".Z.RHODEISLAND",748.597
"2024-10-09 04:00:00",".Z.RHODEISLAND",557.768
"2024-10-09 05:00:00",".Z.RHODEISLAND",545.829
"2024-10-09 06:00:00",".Z.RHODEISLAND",530.073
"2024-10-09 07:00:00",".Z.RHODEISLAND",531.478
"2024-10-09 08:00:00",".Z.RHODEISLAND",530.742
"2024-10-09 09:00:00",".Z.RHODEISLAND",569.991
"2024-10-09 10:00:00",".Z.RHODEISLAND",644.791
"2024-10-09 11:00:00",".Z.RHODEISLAND",654.944
"2024-10-09 12:00:00",".Z.RHODEISLAND",696.078
"2024-10-09 13:00:00",".Z.RHODEISLAND",716.617
"2024-10-09 14:00:00",".Z.RHODEISLAND",730.132
"2024-10-09 15:00:00",".Z.RHODEISLAND",734.681
"2024-10-09 16:00:00",".Z.RHODEISLAND",779.601
"2024-10-09 17:00:00",".Z.RHODEISLAND",780.087
"2024-10-09 18:00:00",".Z.RHODEISLAND",751.209
"2024-10-09 19:00:00",".Z.RHODEISLAND",724.459
"2024-10-09 20:00:00",".Z.RHODEISLAND",732.962
"2024-10-09 21:00:00",".Z.RHODEISLAND",715.712
"2024-10-09 22:00:00",".Z.RHODEISLAND",723.283
"2024-10-09 23:00:00",".Z.RHODEISLAND",723.766
"2024-10-10 00:00:00",".Z.RHODEISLAND",693.783
"2024-10-10 01:00:00",".Z.RHODEISLAND",662.762
"2024-10-10 02:00:00",".Z.RHODEISLAND",632.046
"2024-10-10 03:00:00",".Z.RHODEISLAND",609.742
"2024-10-10 04:00:00",".Z.RHODEISLAND",585.006
"2024-10-10 05:00:00",".Z.RHODEISLAND",566.559
"2024-10-10 06:00:00",".Z.RHODEISLAND",556.824
"2024-10-10 07:00:00",".Z.RHODEISLAND",561.68
"2024-10-10 08:00:00",".Z.RHODEISLAND",561.542
"2024-10-10 09:00:00",".Z.RHODEISLAND",594.652
"2024-10-10 10:00:00",".Z.RHODEISLAND",650.505
"2024-10-10 11:00:00",".Z.RHODEISLAND",658.974
"2024-10-10 12:00:00",".Z.RHODEISLAND",681.207
"2024-10-10 13:00:00",".Z.RHODEISLAND",780.108
"2024-10-10 14:00:00",".Z.RHODEISLAND",812.439
"2024-10-10 15:00:00",".Z.RHODEISLAND",804.343
"2024-10-10 16:00:00",".Z.RHODEISLAND",817.719
"2024-10-10 17:00:00",".Z.RHODEISLAND",843.426
"2024-10-10 18:00:00",".Z.RHODEISLAND",819.3
"2024-10-10 19:00:00",".Z.RHODEISLAND",757.266
"2024-10-10 20:00:00",".Z.RHODEISLAND",740.077
"2024-10-10 21:00:00",".Z.RHODEISLAND",724.349
"2024-10-10 22:00:00",".Z.RHODEISLAND",729.091
"2024-10-10 23:00:00",".Z.RHODEISLAND",722.764
"2024-10-11 00:00:00",".Z.RHODEISLAND",704.583
"2024-10-11 01:00:00",".Z.RHODEISLAND",673.302
"2024-10-11 02:00:00",".Z.RHODEISLAND",634.859
"2024-10-11 03:00:00",".Z.RHODEISLAND",602.332
"2024-10-11 04:00:00",".Z.RHODEISLAND",611.482
"2024-10-11 05:00:00",".Z.RHODEISLAND",585.451
"2024-10-11 06:00:00",".Z.RHODEISLAND",571.783
"2024-10-11 07:00:00",".Z.RHODEISLAND",561.307
"2024-10-11 08:00:00",".Z.RHODEISLAND",580.4
"2024-10-11 09:00:00",".Z.RHODEISLAND",626.815
"2024-10-11 10:00:00",".Z.RHODEISLAND",678.433
"2024-10-11 11:00:00",".Z.RHODEISLAND",702.337
"2024-10-11 12:00:00",".Z.RHODEISLAND",719.703
"2024-10-11 13:00:00",".Z.RHODEISLAND",734.056
"2024-10-11 14:00:00",".Z.RHODEISLAND",746.552
"2024-10-11 15:00:00",".Z.RHODEISLAND",707.433
"2024-10-11 16:00:00",".Z.RHODEISLAND",740.818
"2024-10-11 17:00:00",".Z.RHODEISLAND",747.21
"2024-10-11 18:00:00",".Z.RHODEISLAND",694.588
"2024-10-11 19:00:00",".Z.RHODEISLAND",748.954
"2024-10-11 20:00:00",".Z.RHODEISLAND",750.682
"2024-10-11 21:00:00",".Z.RHODEISLAND",748.045
"2024-10-11 22:00:00",".Z.RHODEISLAND",762.551
"2024-10-11 23:00:00",".Z.RHODEISLAND",763.688
"2024-10-12 00:00:00",".Z.RHODEISLAND",728.439
"2024-10-12 01:00:00",".Z.RHODEISLAND",699.276
"2024-10-12 02:00:00",".Z.RHODEISLAND",638.567
"2024-10-12 03:00:00",".Z.RHODEISLAND",621.414
"2024-10-12 04:00:00",".Z.RHODEISLAND",595.496
"2024-10-12 05:00:00",".Z.RHODEISLAND",569.781
"2024-10-12 06:00:00",".Z.RHODEISLAND",560.507
"2024-10-12 07:00:00",".Z.RHODEISLAND",556.66
"2024-10-12 08:00:00",".Z.RHODEISLAND",560.346
"2024-10-12 09:00:00",".Z.RHODEISLAND",571.297
"2024-10-12 10:00:00",".Z.RHODEISLAND",592.525
"2024-10-12 11:00:00",".Z.RHODEISLAND",603.872
"2024-10-12 12:00:00",".Z.RHODEISLAND",639.712
"2024-10-12 13:00:00",".Z.RHODEISLAND",666.58
"2024-10-12 14:00:00",".Z.RHODEISLAND",700.007
"2024-10-12 15:00:00",".Z.RHODEISLAND",696.351
"2024-10-12 16:00:00",".Z.RHODEISLAND",703.175
"2024-10-12 17:00:00",".Z.RHODEISLAND",702.865
"2024-10-12 18:00:00",".Z.RHODEISLAND",704.889
"2024-10-12 19:00:00",".Z.RHODEISLAND",718.347
"2024-10-12 20:00:00",".Z.RHODEISLAND",713.861
"2024-10-12 21:00:00",".Z.RHODEISLAND",702.548
"2024-10-12 22:00:00",".Z.RHODEISLAND",719.22
"2024-10-12 23:00:00",".Z.RHODEISLAND",714.075
"2024-10-13 00:00:00",".Z.RHODEISLAND",693.101
"2024-10-13 01:00:00",".Z.RHODEISLAND",667.673
"2024-10-13 02:00:00",".Z.RHODEISLAND",638.086
"2024-10-13 03:00:00",".Z.RHODEISLAND",660.843
"2024-10-13 04:00:00",".Z.RHODEISLAND",660.546
"2024-10-13 05:00:00",".Z.RHODEISLAND",672.75
"2024-10-13 06:00:00",".Z.RHODEISLAND",641.217
"2024-10-13 07:00:00",".Z.RHODEISLAND",640.597
"2024-10-13 08:00:00",".Z.RHODEISLAND",641.705
"2024-10-13 09:00:00",".Z.RHODEISLAND",659.269
"2024-10-13 10:00:00",".Z.RHODEISLAND",713.306
"2024-10-13 11:00:00",".Z.RHODEISLAND",714.583
"2024-10-13 12:00:00",".Z.RHODEISLAND",765.095
"2024-10-13 13:00:00",".Z.RHODEISLAND",795.369
"2024-10-13 14:00:00",".Z.RHODEISLAND",802.881
"2024-10-13 15:00:00",".Z.RHODEISLAND",801.488
"2024-10-13 16:00:00",".Z.RHODEISLAND",867.791
"2024-10-13 17:00:00",".Z.RHODEISLAND",868.849
"2024-10-13 18:00:00",".Z.RHODEISLAND",825.539
"2024-10-13 19:00:00",".Z.RHODEISLAND",869.321
"2024-10-13 20:00:00",".Z.RHODEISLAND",854.849
"2024-10-13 21:00:00",".Z.RHODEISLAND",875.563
"2024-10-13 22:00:00",".Z.RHODEISLAND",897.778
"2024-10-13 23:00:00",".Z.RHODEISLAND",851.978
"2024-10-14 00:00:00",".Z.RHODEISLAND",807.386
"2024-10-14 01:00:00",".Z.RHODEISLAND",826.081
"2024-10-14 02:00:00",".Z.RHODEISLAND",666.967
"2024-10-14 03:00:00",".Z.RHODEISLAND",603.994
"2024-10-14 04:00:00",".Z.RHODEISLAND",579.146
"2024-10-14 05:00:00",".Z.RHODEISLAND",560.948
"2024-10-14 06:00:00",".Z.RHODEISLAND",548.888
"2024-10-14 07:00:00",".Z.RHODEISLAND",548.987
"2024-10-14 08:00:00",".Z.RHODEISLAND",557.909
"2024-10-14 09:00:00",".Z.RHODEISLAND",615.563
"2024-10-14 10:00:00",".Z.RHODEISLAND",725.623
"2024-10-14 11:00:00",".Z.RHODEISLAND",749.991
"2024-10-14 12:00:00",".Z.RHODEISLAND",820.518
"2024-10-14 13:00:00",".Z.RHODEISLAND",855.926
"2024-10-14 14:00:00",".Z.RHODEISLAND",871.2
"2024-10-14 15:00:00",".Z.RHODEISLAND",903.827
"2024-10-14 16:00:00",".Z.RHODEISLAND",911.275
"2024-10-14 17:00:00",".Z.RHODEISLAND",909.252
"2024-10-14 18:00:00",".Z.RHODEISLAND",898.687
"2024-10-14 19:00:00",".Z.RHODEISLAND",867.112
"2024-10-14 20:00:00",".Z.RHODEISLAND",871.548
"2024-10-14 21:00:00",".Z.RHODEISLAND",897.331
"2024-10-14 22:00:00",".Z.RHODEISLAND",929.753
"2024-10-14 23:00:00",".Z.RHODEISLAND",901.646
"2024-10-15 00:00:00",".Z.RHODEISLAND",871.64
"2024-10-15 01:00:00",".Z.RHODEISLAND",817.978
"2024-10-15 02:00:00",".Z.RHODEISLAND",682.976
"2024-10-15 03:00:00",".Z.RHODEISLAND",634.706
"2024-10-15 04:00:00",".Z.RHODEISLAND",588.86
"2024-10-15 05:00:00",".Z.RHODEISLAND",579.206
"2024-10-15 06:00:00",".Z.RHODEISLAND",573.572
"2024-10-15 07:00:00",".Z.RHODEISLAND",578.07
"2024-10-15 08:00:00",".Z.RHODEISLAND",601.582
"2024-10-15 09:00:00",".Z.RHODEISLAND",576.92
"2024-10-15 10:00:00",".Z.RHODEISLAND",824.224
"2024-10-15 11:00:00",".Z.RHODEISLAND",879.874
"2024-10-15 12:00:00",".Z.RHODEISLAND",843.221
"2024-10-15 13:00:00",".Z.RHODEISLAND",859.95
"2024-10-15 14:00:00",".Z.RHODEISLAND",905.996
"2024-10-15 15:00:00",".Z.RHODEISLAND",920.474
"2024-10-15 16:00:00",".Z.RHODEISLAND",879.911
"2024-10-15 17:00:00",".Z.RHODEISLAND",903.649
"2024-10-15 18:00:00",".Z.RHODEISLAND",928.138
"2024-10-15 19:00:00",".Z.RHODEISLAND",935.025
"2024-10-15 20:00:00",".Z.RHODEISLAND",956.533
"2024-10-15 21:00:00",".Z.RHODEISLAND",932.311
"2024-10-15 22:00:00",".Z.RHODEISLAND",958.594
"2024-10-15 23:00:00",".Z.RHODEISLAND",919.871
"2024-10-16 00:00:00",".Z.RHODEISLAND",913.593
"2024-10-16 01:00:00",".Z.RHODEISLAND",866.088
"2024-10-16 02:00:00",".Z.RHODEISLAND",699.461
"2024-10-16 03:00:00",".Z.RHODEISLAND",641.025
"2024-10-16 04:00:00",".Z.RHODEISLAND",614.909
"2024-10-16 05:00:00",".Z.RHODEISLAND",599.273
"2024-10-16 06:00:00",".Z.RHODEISLAND",596.53
"2024-10-16 07:00:00",".Z.RHODEISLAND",604.669
"2024-10-16 08:00:00",".Z.RHODEISLAND",613.955
"2024-10-16 09:00:00",".Z.RHODEISLAND",782.144
"2024-10-16 10:00:00",".Z.RHODEISLAND",833.276
"2024-10-16 11:00:00",".Z.RHODEISLAND",890.46
"2024-10-16 12:00:00",".Z.RHODEISLAND",908.922
"2024-10-16 13:00:00",".Z.RHODEISLAND",921.518
"2024-10-16 14:00:00",".Z.RHODEISLAND",953.065
"2024-10-16 15:00:00",".Z.RHODEISLAND",928.92
"2024-10-16 16:00:00",".Z.RHODEISLAND",904.951
"2024-10-16 17:00:00",".Z.RHODEISLAND",874.384
"2024-10-16 18:00:00",".Z.RHODEISLAND",875.109
"2024-10-16 19:00:00",".Z.RHODEISLAND",892.951
"2024-10-16 20:00:00",".Z.RHODEISLAND",902.158
"2024-10-16 21:00:00",".Z.RHODEISLAND",911.857
"2024-10-16 22:00:00",".Z.RHODEISLAND",949.739
"2024-10-16 23:00:00",".Z.RHODEISLAND",956.444
"2024-10-17 00:00:00",".Z.RHODEISLAND",930.597
"2024-10-17 01:00:00",".Z.RHODEISLAND",886.9
"2024-10-17 02:00:00",".Z.RHODEISLAND",837.748
"2024-10-17 03:00:00",".Z.RHODEISLAND",801.008
"2024-10-17 04:00:00",".Z.RHODEISLAND",657.899
"2024-10-17 05:00:00",".Z.RHODEISLAND",634.915
"2024-10-17 06:00:00",".Z.RHODEISLAND",627.51
"2024-10-17 07:00:00",".Z.RHODEISLAND",624.83
"2024-10-17 08:00:00",".Z.RHODEISLAND",643.155
"2024-10-17 09:00:00",".Z.RHODEISLAND",696.66
"2024-10-17 10:00:00",".Z.RHODEISLAND",784.956
"2024-10-17 11:00:00",".Z.RHODEISLAND",817.807
"2024-10-17 12:00:00",".Z.RHODEISLAND",836.606
"2024-10-17 13:00:00",".Z.RHODEISLAND",793.463
"2024-10-17 14:00:00",".Z.RHODEISLAND",774.721
"2024-10-17 15:00:00",".Z.RHODEISLAND",777.908
"2024-10-17 16:00:00",".Z.RHODEISLAND",795.309
"2024-10-17 17:00:00",".Z.RHODEISLAND",790.756
"2024-10-17 18:00:00",".Z.RHODEISLAND",789.879
"2024-10-17 19:00:00",".Z.RHODEISLAND",807.094
"2024-10-17 20:00:00",".Z.RHODEISLAND",844.436
"2024-10-17 21:00:00",".Z.RHODEISLAND",876.393
"2024-10-17 22:00:00",".Z.RHODEISLAND",915.403
"2024-10-17 23:00:00",".Z.RHODEISLAND",906.641
"2024-10-18 00:00:00",".Z.RHODEISLAND",879.528
"2024-10-18 01:00:00",".Z.RHODEISLAND",828.55
"2024-10-18 02:00:00",".Z.RHODEISLAND",765.917
"2024-10-18 03:00:00",".Z.RHODEISLAND",709.861
"2024-10-18 04:00:00",".Z.RHODEISLAND",765.706
"2024-10-18 05:00:00",".Z.RHODEISLAND",722.704
"2024-10-18 06:00:00",".Z.RHODEISLAND",711.819
"2024-10-18 07:00:00",".Z.RHODEISLAND",740.331
"2024-10-18 08:00:00",".Z.RHODEISLAND",740.173
"2024-10-18 09:00:00",".Z.RHODEISLAND",775.065
"2024-10-18 10:00:00",".Z.RHODEISLAND",851.896
"2024-10-18 11:00:00",".Z.RHODEISLAND",897.539
"2024-10-18 12:00:00",".Z.RHODEISLAND",930.251
"2024-10-18 13:00:00",".Z.RHODEISLAND",961.892
"2024-10-18 14:00:00",".Z.RHODEISLAND",911.201
"2024-10-18 15:00:00",".Z.RHODEISLAND",905.586
"2024-10-18 16:00:00",".Z.RHODEISLAND",883.756
"2024-10-18 17:00:00",".Z.RHODEISLAND",872.639
"2024-10-18 18:00:00",".Z.RHODEISLAND",844.962
"2024-10-18 19:00:00",".Z.RHODEISLAND",819.294
"2024-10-18 20:00:00",".Z.RHODEISLAND",849.428
"2024-10-18 21:00:00",".Z.RHODEISLAND",856.393
"2024-10-18 22:00:00",".Z.RHODEISLAND",883.922
"2024-10-18 23:00:00",".Z.RHODEISLAND",897.951
"2024-10-19 00:00:00",".Z.RHODEISLAND",865.401
"2024-10-19 01:00:00",".Z.RHODEISLAND",859.342
"2024-10-19 02:00:00",".Z.RHODEISLAND",816.685
"2024-10-19 03:00:00",".Z.RHODEISLAND",773.28
"2024-10-19 04:00:00",".Z.RHODEISLAND",736.536
"2024-10-19 05:00:00",".Z.RHODEISLAND",715.553
"2024-10-19 06:00:00",".Z.RHODEISLAND",680.96
"2024-10-19 07:00:00",".Z.RHODEISLAND",671.145
"2024-10-19 08:00:00",".Z.RHODEISLAND",679.039
"2024-10-19 09:00:00",".Z.RHODEISLAND",702.215
"2024-10-19 10:00:00",".Z.RHODEISLAND",740.398
"2024-10-19 11:00:00",".Z.RHODEISLAND",778.142
"2024-10-19 12:00:00",".Z.RHODEISLAND",831.372
"2024-10-19 13:00:00",".Z.RHODEISLAND",854.873
"2024-10-19 14:00:00",".Z.RHODEISLAND",858.701
"2024-10-19 15:00:00",".Z.RHODEISLAND",860.715
"2024-10-19 16:00:00",".Z.RHODEISLAND",842.057
"2024-10-19 17:00:00",".Z.RHODEISLAND",805.525
"2024-10-19 18:00:00",".Z.RHODEISLAND",815.998
"2024-10-19 19:00:00",".Z.RHODEISLAND",803.65
"2024-10-19 20:00:00",".Z.RHODEISLAND",808.247
"2024-10-19 21:00:00",".Z.RHODEISLAND",823.621
"2024-10-19 22:00:00",".Z.RHODEISLAND",843.826
"2024-10-19 23:00:00",".Z.RHODEISLAND",847.739
"2024-10-20 00:00:00",".Z.RHODEISLAND",832.109
"2024-10-20 01:00:00",".Z.RHODEISLAND",806.942
"2024-10-20 02:00:00",".Z.RHODEISLAND",734.972
"2024-10-20 03:00:00",".Z.RHODEISLAND",712.241
"2024-10-20 04:00:00",".Z.RHODEISLAND",673.839
"2024-10-20 05:00:00",".Z.RHODEISLAND",679.845
"2024-10-20 06:00:00",".Z.RHODEISLAND",650.127
"2024-10-20 07:00:00",".Z.RHODEISLAND",632.248
"2024-10-20 08:00:00",".Z.RHODEISLAND",665.395
"2024-10-20 09:00:00",".Z.RHODEISLAND",718.31
"2024-10-20 10:00:00",".Z.RHODEISLAND",743.291
"2024-10-20 11:00:00",".Z.RHODEISLAND",747.492
"2024-10-20 12:00:00",".Z.RHODEISLAND",740.794
"2024-10-20 13:00:00",".Z.RHODEISLAND",776.958
"2024-10-20 14:00:00",".Z.RHODEISLAND",804.723
"2024-10-20 15:00:00",".Z.RHODEISLAND",817.277
"2024-10-20 16:00:00",".Z.RHODEISLAND",819.611
"2024-10-20 17:00:00",".Z.RHODEISLAND",846.003
"2024-10-20 18:00:00",".Z.RHODEISLAND",863.835
"2024-10-20 19:00:00",".Z.RHODEISLAND",896.842
"2024-10-20 20:00:00",".Z.RHODEISLAND",930.609
"2024-10-20 21:00:00",".Z.RHODEISLAND",880.371
"2024-10-20 22:00:00",".Z.RHODEISLAND",875.481
"2024-10-20 23:00:00",".Z.RHODEISLAND",871.842
"2024-10-21 00:00:00",".Z.RHODEISLAND",853.719
"2024-10-21 01:00:00",".Z.RHODEISLAND",819.041
"2024-10-21 02:00:00",".Z.RHODEISLAND",737.198
"2024-10-21 03:00:00",".Z.RHODEISLAND",677.11
"2024-10-21 04:00:00",".Z.RHODEISLAND",680.66
"2024-10-21 05:00:00",".Z.RHODEISLAND",660.269
"2024-10-21 06:00:00",".Z.RHODEISLAND",627.678
"2024-10-21 07:00:00",".Z.RHODEISLAND",628.6
"2024-10-21 08:00:00",".Z.RHODEISLAND",537.522
"2024-10-21 09:00:00",".Z.RHODEISLAND",697.861
"2024-10-21 10:00:00",".Z.RHODEISLAND",765.644
"2024-10-21 11:00:00",".Z.RHODEISLAND",809.177
"2024-10-21 12:00:00",".Z.RHODEISLAND",833.892
"2024-10-21 13:00:00",".Z.RHODEISLAND",856.522
"2024-10-21 14:00:00",".Z.RHODEISLAND",879.804
"2024-10-21 15:00:00",".Z.RHODEISLAND",875.088
"2024-10-21 16:00:00",".Z.RHODEISLAND",880.925
"2024-10-21 17:00:00",".Z.RHODEISLAND",880.426
"2024-10-21 18:00:00",".Z.RHODEISLAND",880.427
"2024-10-21 19:00:00",".Z.RHODEISLAND",912.772
"2024-10-21 20:00:00",".Z.RHODEISLAND",923.233
"2024-10-21 21:00:00",".Z.RHODEISLAND",914.915
"2024-10-21 22:00:00",".Z.RHODEISLAND",925.045
"2024-10-21 23:00:00",".Z.RHODEISLAND",899.113
"2024-10-22 00:00:00",".Z.RHODEISLAND",900.58
"2024-10-22 01:00:00",".Z.RHODEISLAND",847.483
"2024-10-22 02:00:00",".Z.RHODEISLAND",798.959
"2024-10-22 03:00:00",".Z.RHODEISLAND",750.402
"2024-10-22 04:00:00",".Z.RHODEISLAND",713.81
"2024-10-22 05:00:00",".Z.RHODEISLAND",690.423
"2024-10-22 06:00:00",".Z.RHODEISLAND",638.752
"2024-10-22 07:00:00",".Z.RHODEISLAND",655.804
"2024-10-22 08:00:00",".Z.RHODEISLAND",661.954
"2024-10-22 09:00:00",".Z.RHODEISLAND",693.602
"2024-10-22 10:00:00",".Z.RHODEISLAND",755.103
"2024-10-22 11:00:00",".Z.RHODEISLAND",742.687
"2024-10-22 12:00:00",".Z.RHODEISLAND",772.229
"2024-10-22 13:00:00",".Z.RHODEISLAND",762.21
"2024-10-22 14:00:00",".Z.RHODEISLAND",786.402
"2024-10-22 15:00:00",".Z.RHODEISLAND",810.656
"2024-10-22 16:00:00",".Z.RHODEISLAND",821.924
"2024-10-22 17:00:00",".Z.RHODEISLAND",823.66
"2024-10-22 18:00:00",".Z.RHODEISLAND",836.169
"2024-10-22 19:00:00",".Z.RHODEISLAND",833.683
"2024-10-22 20:00:00",".Z.RHODEISLAND",840.679
"2024-10-22 21:00:00",".Z.RHODEISLAND",917.44
"2024-10-22 22:00:00",".Z.RHODEISLAND",889.231
"2024-10-22 23:00:00",".Z.RHODEISLAND",873.566
"2024-10-23 00:00:00",".Z.RHODEISLAND",803.836
"2024-10-23 01:00:00",".Z.RHODEISLAND",791.277
"2024-10-23 02:00:00",".Z.RHODEISLAND",691.371
"2024-10-23 03:00:00",".Z.RHODEISLAND",659.928
"2024-10-23 04:00:00",".Z.RHODEISLAND",612.812
"2024-10-23 05:00:00",".Z.RHODEISLAND",588.543
"2024-10-23 06:00:00",".Z.RHODEISLAND",574.829
"2024-10-23 07:00:00",".Z.RHODEISLAND",570.841
"2024-10-23 08:00:00",".Z.RHODEISLAND",576.017
"2024-10-23 09:00:00",".Z.RHODEISLAND",626.686
"2024-10-23 10:00:00",".Z.RHODEISLAND",699.681
"2024-10-23 11:00:00",".Z.RHODEISLAND",751.59
"2024-10-23 12:00:00",".Z.RHODEISLAND",749.163
"2024-10-23 13:00:00",".Z.RHODEISLAND",907.502
"2024-10-23 14:00:00",".Z.RHODEISLAND",872.366
"2024-10-23 15:00:00",".Z.RHODEISLAND",881.428
"2024-10-23 16:00:00",".Z.RHODEISLAND",873.947
"2024-10-23 17:00:00",".Z.RHODEISLAND",868.62
"2024-10-23 18:00:00",".Z.RHODEISLAND",869.738
"2024-10-23 19:00:00",".Z.RHODEISLAND",910.032
"2024-10-23 20:00:00",".Z.RHODEISLAND",906.458
"2024-10-23 21:00:00",".Z.RHODEISLAND",900.482
"2024-10-23 22:00:00",".Z.RHODEISLAND",919.807
"2024-10-23 23:00:00",".Z.RHODEISLAND",917.267
"2024-10-24 00:00:00",".Z.RHODEISLAND",867.634
"2024-10-24 01:00:00",".Z.RHODEISLAND",832.414
"2024-10-24 02:00:00",".Z.RHODEISLAND",784.651
"2024-10-24 03:00:00",".Z.RHODEISLAND",728.966
"2024-10-24 04:00:00",".Z.RHODEISLAND",688.99
"2024-10-24 05:00:00",".Z.RHODEISLAND",670.598
"2024-10-24 06:00:00",".Z.RHODEISLAND",657.488
"2024-10-24 07:00:00",".Z.RHODEISLAND",648.673
"2024-10-24 08:00:00",".Z.RHODEISLAND",661.023
"2024-10-24 09:00:00",".Z.RHODEISLAND",699.954
"2024-10-24 10:00:00",".Z.RHODEISLAND",764.324
"2024-10-24 11:00:00",".Z.RHODEISLAND",786.401
"2024-10-24 12:00:00",".Z.RHODEISLAND",780.124
"2024-10-24 13:00:00",".Z.RHODEISLAND",811.324
"2024-10-24 14:00:00",".Z.RHODEISLAND",839.34
"2024-10-24 15:00:00",".Z.RHODEISLAND",852.049
"2024-10-24 16:00:00",".Z.RHODEISLAND",857.778
"2024-10-24 17:00:00",".Z.RHODEISLAND",845.287
"2024-10-24 18:00:00",".Z.RHODEISLAND",869.384
"2024-10-24 19:00:00",".Z.RHODEISLAND",827.038
"2024-10-24 20:00:00",".Z.RHODEISLAND",847.233
"2024-10-24 21:00:00",".Z.RHODEISLAND",852.203
"2024-10-24 22:00:00",".Z.RHODEISLAND",873.802
"2024-10-24 23:00:00",".Z.RHODEISLAND",854.699
"2024-10-25 00:00:00",".Z.RHODEISLAND",826.627
"2024-10-25 01:00:00",".Z.RHODEISLAND",784.184
"2024-10-25 02:00:00",".Z.RHODEISLAND",729.866
"2024-10-25 03:00:00",".Z.RHODEISLAND",695.846
"2024-10-25 04:00:00",".Z.RHODEISLAND",646.696
"2024-10-25 05:00:00",".Z.RHODEISLAND",625.233
"2024-10-25 06:00:00",".Z.RHODEISLAND",608.344
"2024-10-25 07:00:00",".Z.RHODEISLAND",608.256
"2024-10-25 08:00:00",".Z.RHODEISLAND",623.565
"2024-10-25 09:00:00",".Z.RHODEISLAND",597.817
"2024-10-25 10:00:00",".Z.RHODEISLAND",696.364
"2024-10-25 11:00:00",".Z.RHODEISLAND",760.639
"2024-10-25 12:00:00",".Z.RHODEISLAND",803.68
"2024-10-25 13:00:00",".Z.RHODEISLAND",810.903
"2024-10-25 14:00:00",".Z.RHODEISLAND",807.685
"2024-10-25 15:00:00",".Z.RHODEISLAND",839.676
"2024-10-25 16:00:00",".Z.RHODEISLAND",818.643
"2024-10-25 17:00:00",".Z.RHODEISLAND",857.704
"2024-10-25 18:00:00",".Z.RHODEISLAND",784.716
"2024-10-25 19:00:00",".Z.RHODEISLAND",783.342
"2024-10-25 20:00:00",".Z.RHODEISLAND",788.013
"2024-10-25 21:00:00",".Z.RHODEISLAND",877.451
"2024-10-25 22:00:00",".Z.RHODEISLAND",885.601
"2024-10-25 23:00:00",".Z.RHODEISLAND",807.847
"2024-10-26 00:00:00",".Z.RHODEISLAND",855.226
"2024-10-26 01:00:00",".Z.RHODEISLAND",770.64
"2024-10-26 02:00:00",".Z.RHODEISLAND",754.526
"2024-10-26 03:00:00",".Z.RHODEISLAND",703.353
"2024-10-26 04:00:00",".Z.RHODEISLAND",731.762
"2024-10-26 05:00:00",".Z.RHODEISLAND",680.255
"2024-10-26 06:00:00",".Z.RHODEISLAND",662.506
"2024-10-26 07:00:00",".Z.RHODEISLAND",653.508
"2024-10-26 08:00:00",".Z.RHODEISLAND",656.789
"2024-10-26 09:00:00",".Z.RHODEISLAND",672.871
"2024-10-26 10:00:00",".Z.RHODEISLAND",702.761
"2024-10-26 11:00:00",".Z.RHODEISLAND",726.796
"2024-10-26 12:00:00",".Z.RHODEISLAND",757.784
"2024-10-26 13:00:00",".Z.RHODEISLAND",752.952
"2024-10-26 14:00:00",".Z.RHODEISLAND",773.408
"2024-10-26 15:00:00",".Z.RHODEISLAND",825.278
"2024-10-26 16:00:00",".Z.RHODEISLAND",827.047
"2024-10-26 17:00:00",".Z.RHODEISLAND",783.16
"2024-10-26 18:00:00",".Z.RHODEISLAND",809.122
"2024-10-26 19:00:00",".Z.RHODEISLAND",811.515
"2024-10-26 20:00:00",".Z.RHODEISLAND",825.858
"2024-10-26 21:00:00",".Z.RHODEISLAND",827.944
"2024-10-26 22:00:00",".Z.RHODEISLAND",833.048
"2024-10-26 23:00:00",".Z.RHODEISLAND",818.36
"2024-10-27 00:00:00",".Z.RHODEISLAND",797.891
"2024-10-27 01:00:00",".Z.RHODEISLAND",772.513
"2024-10-27 02:00:00",".Z.RHODEISLAND",739.085
"2024-10-27 03:00:00",".Z.RHODEISLAND",573.313
"2024-10-27 04:00:00",".Z.RHODEISLAND",637.954
"2024-10-27 05:00:00",".Z.RHODEISLAND",624.383
"2024-10-27 06:00:00",".Z.RHODEISLAND",610.358
"2024-10-27 07:00:00",".Z.RHODEISLAND",606.29
"2024-10-27 08:00:00",".Z.RHODEISLAND",609.295
"2024-10-27 09:00:00",".Z.RHODEISLAND",615.174
"2024-10-27 10:00:00",".Z.RHODEISLAND",638.367
"2024-10-27 11:00:00",".Z.RHODEISLAND",717.496
"2024-10-27 12:00:00",".Z.RHODEISLAND",786.75
"2024-10-27 13:00:00",".Z.RHODEISLAND",780.303
"2024-10-27 14:00:00",".Z.RHODEISLAND",813.906
"2024-10-27 15:00:00",".Z.RHODEISLAND",810.667
"2024-10-27 16:00:00",".Z.RHODEISLAND",775.744
"2024-10-27 17:00:00",".Z.RHODEISLAND",782.959
"2024-10-27 18:00:00",".Z.RHODEISLAND",815.514
"2024-10-27 19:00:00",".Z.RHODEISLAND",781.639
"2024-10-27 20:00:00",".Z.RHODEISLAND",793.843
"2024-10-27 21:00:00",".Z.RHODEISLAND",837.273
"2024-10-27 22:00:00",".Z.RHODEISLAND",888.084
"2024-10-27 23:00:00",".Z.RHODEISLAND",869.11
"2024-10-28 00:00:00",".Z.RHODEISLAND",859.982
"2024-10-28 01:00:00",".Z.RHODEISLAND",809.599
"2024-10-28 02:00:00",".Z.RHODEISLAND",761.723
"2024-10-28 03:00:00",".Z.RHODEISLAND",704.889
"2024-10-28 04:00:00",".Z.RHODEISLAND",683.703
"2024-10-28 05:00:00",".Z.RHODEISLAND",662.971
"2024-10-28 06:00:00",".Z.RHODEISLAND",652.465
"2024-10-28 07:00:00",".Z.RHODEISLAND",655.216
"2024-10-28 08:00:00",".Z.RHODEISLAND",728.148
"2024-10-28 09:00:00",".Z.RHODEISLAND",736.766
"2024-10-28 10:00:00",".Z.RHODEISLAND",816.452
"2024-10-28 11:00:00",".Z.RHODEISLAND",842.936
"2024-10-28 12:00:00",".Z.RHODEISLAND",874.814
"2024-10-28 13:00:00",".Z.RHODEISLAND",873.581
"2024-10-28 14:00:00",".Z.RHODEISLAND",875.659
"2024-10-28 15:00:00",".Z.RHODEISLAND",893.14
"2024-10-28 16:00:00",".Z.RHODEISLAND",843.378
"2024-10-28 17:00:00",".Z.RHODEISLAND",848.049
"2024-10-28 18:00:00",".Z.RHODEISLAND",868.156
"2024-10-28 19:00:00",".Z.RHODEISLAND",886.084
"2024-10-28 20:00:00",".Z.RHODEISLAND",856.533
"2024-10-28 21:00:00",".Z.RHODEISLAND",919.362
"2024-10-28 22:00:00",".Z.RHODEISLAND",924.937
"2024-10-28 23:00:00",".Z.RHODEISLAND",939.039
"2024-10-29 00:00:00",".Z.RHODEISLAND",885.491
"2024-10-29 01:00:00",".Z.RHODEISLAND",847.452
"2024-10-29 02:00:00",".Z.RHODEISLAND",793.426
"2024-10-29 03:00:00",".Z.RHODEISLAND",754.114
"2024-10-29 04:00:00",".Z.RHODEISLAND",734.334
"2024-10-29 05:00:00",".Z.RHODEISLAND",716.594
"2024-10-29 06:00:00",".Z.RHODEISLAND",706.667
"2024-10-29 07:00:00",".Z.RHODEISLAND",703.2
"2024-10-29 08:00:00",".Z.RHODEISLAND",716.001
"2024-10-29 09:00:00",".Z.RHODEISLAND",754.237
"2024-10-29 10:00:00",".Z.RHODEISLAND",820.743
"2024-10-29 11:00:00",".Z.RHODEISLAND",880.377
"2024-10-29 12:00:00",".Z.RHODEISLAND",916.967
"2024-10-29 13:00:00",".Z.RHODEISLAND",842.665
"2024-10-29 14:00:00",".Z.RHODEISLAND",801.994
"2024-10-29 15:00:00",".Z.RHODEISLAND",823.922
"2024-10-29 16:00:00",".Z.RHODEISLAND",852.193
"2024-10-29 17:00:00",".Z.RHODEISLAND",826.314
"2024-10-29 18:00:00",".Z.RHODEISLAND",827.923
"2024-10-29 19:00:00",".Z.RHODEISLAND",852.871
"2024-10-29 20:00:00",".Z.RHODEISLAND",846.062
"2024-10-29 21:00:00",".Z.RHODEISLAND",915.709
"2024-10-29 22:00:00",".Z.RHODEISLAND",943.495
"2024-10-29 23:00:00",".Z.RHODEISLAND",924.32
"2024-10-30 00:00:00",".Z.RHODEISLAND",894.388
"2024-10-30 01:00:00",".Z.RHODEISLAND",847.754
"2024-10-30 02:00:00",".Z.RHODEISLAND",783.591
"2024-10-30 03:00:00",".Z.RHODEISLAND",728.155
"2024-10-30 04:00:00",".Z.RHODEISLAND",696.955
"2024-10-30 05:00:00",".Z.RHODEISLAND",677.508
"2024-10-30 06:00:00",".Z.RHODEISLAND",666.732
"2024-10-30 07:00:00",".Z.RHODEISLAND",657.322
"2024-10-30 08:00:00",".Z.RHODEISLAND",668.519
"2024-10-30 09:00:00",".Z.RHODEISLAND",705.515
"2024-10-30 10:00:00",".Z.RHODEISLAND",772.347
"2024-10-30 11:00:00",".Z.RHODEISLAND",851.837
"2024-10-30 12:00:00",".Z.RHODEISLAND",855.97
"2024-10-30 13:00:00",".Z.RHODEISLAND",868.246
"2024-10-30 14:00:00",".Z.RHODEISLAND",861.073
"2024-10-30 15:00:00",".Z.RHODEISLAND",860.417
"2024-10-30 16:00:00",".Z.RHODEISLAND",836.005
"2024-10-30 17:00:00",".Z.RHODEISLAND",883.837
"2024-10-30 18:00:00",".Z.RHODEISLAND",849.161
"2024-10-30 19:00:00",".Z.RHODEISLAND",851.202
"2024-10-30 20:00:00",".Z.RHODEISLAND",862.82
"2024-10-30 21:00:00",".Z.RHODEISLAND",883.29
"2024-10-30 22:00:00",".Z.RHODEISLAND",921.522
"2024-10-30 23:00:00",".Z.RHODEISLAND",904.078
"2024-10-31 00:00:00",".Z.RHODEISLAND",878.643
"2024-10-31 01:00:00",".Z.RHODEISLAND",829.673
"2024-10-31 02:00:00",".Z.RHODEISLAND",776.563
"2024-10-31 03:00:00",".Z.RHODEISLAND",726.638
"2024-10-31 04:00:00",".Z.RHODEISLAND",644.835
"2024-10-31 05:00:00",".Z.RHODEISLAND",622.812
"2024-10-31 06:00:00",".Z.RHODEISLAND",608.041
"2024-10-31 07:00:00",".Z.RHODEISLAND",604.261
"2024-10-31 08:00:00",".Z.RHODEISLAND",624.282
"2024-10-31 09:00:00",".Z.RHODEISLAND",663.801
"2024-10-31 10:00:00",".Z.RHODEISLAND",743.407
"2024-10-31 11:00:00",".Z.RHODEISLAND",804.486
"2024-10-31 12:00:00",".Z.RHODEISLAND",815.511
"2024-10-31 13:00:00",".Z.RHODEISLAND",815.264
"2024-10-31 14:00:00",".Z.RHODEISLAND",807.461
"2024-10-31 15:00:00",".Z.RHODEISLAND",813.5
"2024-10-31 16:00:00",".Z.RHODEISLAND",823.933
"2024-10-31 17:00:00",".Z.RHODEISLAND",850.736
"2024-10-31 18:00:00",".Z.RHODEISLAND",846.981
"2024-10-31 19:00:00",".Z.RHODEISLAND",869.403
"2024-10-31 20:00:00",".Z.RHODEISLAND",880.195
"2024-10-31 21:00:00",".Z.RHODEISLAND",892.182
"2024-10-31 22:00:00",".Z.RHODEISLAND",878.223
"2024-10-31 23:00:00",".Z.RHODEISLAND",845.973
"2024-11-01 00:00:00",".Z.RHODEISLAND",831.651
"2024-11-01 01:00:00",".Z.RHODEISLAND",796.021
"2024-11-01 02:00:00",".Z.RHODEISLAND",741.255
"2024-11-01 03:00:00",".Z.RHODEISLAND",686.015
"2024-11-01 04:00:00",".Z.RHODEISLAND",633.395
